id,pageRoute,sourceFile,controlName,controlType,selectorStrategy,accessibleNamePresent,expectedBehavior,requiredInputs,normalState,emptyState,invalidState,loadingState,successState,errorState,disabledStateExpected,keyboardActivationExpected,telemetryEventExpected,expectedTelemetryEventName,testFile,testStatus,notes,bugId
"QA-0001","/","src/app/page.tsx","TailorMe by Res.Me","link","getByRole('link', { name: /TailorMe by Res.Me/i })","yes","Navigate to the linked route or open the expected external target.","TBD from test or manual QA","visible","TBD","TBD","TBD","TBD","TBD","unknown","yes","yes","","tests/e2e/specs/controls.spec.ts","not started","",""
"QA-0002","/","src/app/page.tsx","Pricing","link","getByRole('link', { name: /Pricing/i })","yes","Navigate to the linked route or open the expected external target.","TBD from test or manual QA","visible","TBD","TBD","TBD","TBD","TBD","unknown","yes","yes","","tests/e2e/specs/controls.spec.ts","not started","",""
"QA-0003","/","src/app/page.tsx","Coaching","link","getByRole('link', { name: /Coaching/i })","yes","Navigate to the linked route or open the expected external target.","TBD from test or manual QA","visible","TBD","TBD","TBD","TBD","TBD","unknown","yes","unknown","","tests/e2e/specs/controls.spec.ts","not started","",""
"QA-0004","/","src/app/page.tsx","Sign in","link","getByRole('link', { name: /Sign in/i })","yes","Navigate to the linked route or open the expected external target.","TBD from test or manual QA","visible","TBD","TBD","TBD","TBD","TBD","unknown","yes","unknown","","tests/e2e/specs/controls.spec.ts","not started","",""
"QA-0005","/","src/app/page.tsx","Free audit","link","getByRole('link', { name: /Free audit/i })","yes","Navigate to the linked route or open the expected external target.","TBD from test or manual QA","visible","TBD","TBD","TBD","TBD","TBD","unknown","yes","unknown","","tests/e2e/specs/controls.spec.ts","not started","",""
"QA-0006","/","src/app/page.tsx","Run the agents on my resume","link","getByRole('link', { name: /Run the agents on my resume/i })","yes","Navigate to the linked route or open the expected external target.","TBD from test or manual QA","visible","TBD","TBD","TBD","TBD","TBD","unknown","yes","unknown","","tests/e2e/specs/controls.spec.ts","not started","",""
"QA-0007","/","src/app/page.tsx","See a sample report","link","getByRole('link', { name: /See a sample report/i })","yes","Navigate to the linked route or open the expected external target.","TBD from test or manual QA","visible","TBD","TBD","TBD","TBD","TBD","unknown","yes","yes","","tests/e2e/specs/controls.spec.ts","not started","",""
"QA-0008","/","src/app/page.tsx","Download both · 1 credit","link","getByRole('link', { name: /Download both · 1 credit/i })","yes","Navigate to the linked route or open the expected external target.","TBD from test or manual QA","visible","TBD","TBD","TBD","TBD","TBD","unknown","yes","unknown","","tests/e2e/specs/controls.spec.ts","not started","",""
"QA-0009","/","src/app/page.tsx","Buy credits","link","getByRole('link', { name: /Buy credits/i })","yes","Navigate to the linked route or open the expected external target.","TBD from test or manual QA","visible","TBD","TBD","TBD","TBD","TBD","unknown","yes","unknown","","tests/e2e/specs/controls.spec.ts","not started","",""
"QA-0010","/","src/app/page.tsx","Buy credits","link","getByRole('link', { name: /Buy credits/i })","yes","Navigate to the linked route or open the expected external target.","TBD from test or manual QA","visible","TBD","TBD","TBD","TBD","TBD","unknown","yes","unknown","","tests/e2e/specs/controls.spec.ts","not started","",""
"QA-0011","/","src/app/page.tsx","Buy credits","link","getByRole('link', { name: /Buy credits/i })","yes","Navigate to the linked route or open the expected external target.","TBD from test or manual QA","visible","TBD","TBD","TBD","TBD","TBD","unknown","yes","unknown","","tests/e2e/specs/controls.spec.ts","not started","",""
"QA-0012","/","src/app/page.tsx","Is this just keyword stuffing?","button","getByRole('button', { name: /Is this just keyword stuffing?/i })","yes","Verify click behavior, keyboard activation, loading/success/error states, and no silent no-op.","TBD from test or manual QA","visible","TBD","TBD","TBD","TBD","TBD","unknown","yes","unknown","","tests/e2e/specs/controls.spec.ts","not started","",""
"QA-0013","/","src/app/page.tsx","Will this get me interviews?","button","getByRole('button', { name: /Will this get me interviews?/i })","yes","Verify click behavior, keyboard activation, loading/success/error states, and no silent no-op.","TBD from test or manual QA","visible","TBD","TBD","TBD","TBD","TBD","unknown","yes","unknown","","tests/e2e/specs/controls.spec.ts","not started","",""
"QA-0014","/","src/app/page.tsx","How is this different from a template or a chatbot?","button","getByRole('button', { name: /How is this different from a template or a chatbot?/i })","yes","Verify click behavior, keyboard activation, loading/success/error states, and no silent no-op.","TBD from test or manual QA","visible","TBD","TBD","TBD","TBD","TBD","unknown","yes","unknown","","tests/e2e/specs/controls.spec.ts","not started","",""
"QA-0015","/","src/app/page.tsx","What happens to my resume data?","button","getByRole('button', { name: /What happens to my resume data?/i })","yes","Verify click behavior, keyboard activation, loading/success/error states, and no silent no-op.","TBD from test or manual QA","visible","TBD","TBD","TBD","TBD","TBD","unknown","yes","unknown","","tests/e2e/specs/controls.spec.ts","not started","",""
"QA-0016","/","src/app/page.tsx","What does the human review add?","button","getByRole('button', { name: /What does the human review add?/i })","yes","Run the relevant review/generation action with loading, success, and failure states.","TBD from test or manual QA","visible","TBD","TBD","TBD","TBD","TBD","unknown","yes","unknown","","tests/e2e/specs/controls.spec.ts","not started","",""
"QA-0017","/","src/app/page.tsx","Do credits expire?","button","getByRole('button', { name: /Do credits expire?/i })","yes","Verify click behavior, keyboard activation, loading/success/error states, and no silent no-op.","TBD from test or manual QA","visible","TBD","TBD","TBD","TBD","TBD","unknown","yes","unknown","","tests/e2e/specs/controls.spec.ts","not started","",""
"QA-0018","/","src/app/page.tsx","Get a free resume audit","link","getByRole('link', { name: /Get a free resume audit/i })","yes","Navigate to the linked route or open the expected external target.","TBD from test or manual QA","visible","TBD","TBD","TBD","TBD","TBD","unknown","yes","unknown","","tests/e2e/specs/controls.spec.ts","not started","",""
"QA-0019","/","src/app/page.tsx","Security","link","getByRole('link', { name: /Security/i })","yes","Navigate to the linked route or open the expected external target.","TBD from test or manual QA","visible","TBD","TBD","TBD","TBD","TBD","unknown","yes","unknown","","tests/e2e/specs/controls.spec.ts","not started","",""
"QA-0020","/","src/app/page.tsx","Privacy","link","getByRole('link', { name: /Privacy/i })","yes","Navigate to the linked route or open the expected external target.","TBD from test or manual QA","visible","TBD","TBD","TBD","TBD","TBD","unknown","yes","unknown","","tests/e2e/specs/controls.spec.ts","not started","",""
"QA-0021","/","src/app/page.tsx","Terms","link","getByRole('link', { name: /Terms/i })","yes","Navigate to the linked route or open the expected external target.","TBD from test or manual QA","visible","TBD","TBD","TBD","TBD","TBD","unknown","yes","unknown","","tests/e2e/specs/controls.spec.ts","not started","",""
"QA-0022","/","src/app/page.tsx","Contact","link","getByRole('link', { name: /Contact/i })","yes","Navigate to the linked route or open the expected external target.","TBD from test or manual QA","visible","TBD","TBD","TBD","TBD","TBD","unknown","yes","unknown","","tests/e2e/specs/controls.spec.ts","not started","",""
"QA-0023","/admin/orders","src/app/admin/orders/page.tsx","TailorMe by Res.Me","link","getByRole('link', { name: /TailorMe by Res.Me/i })","yes","Navigate to the linked route or open the expected external target.","TBD from test or manual QA","visible","TBD","TBD","TBD","TBD","TBD","unknown","yes","yes","","tests/e2e/specs/controls.spec.ts","not started","",""
"QA-0024","/admin/orders","src/app/admin/orders/page.tsx","Pricing","link","getByRole('link', { name: /Pricing/i })","yes","Navigate to the linked route or open the expected external target.","TBD from test or manual QA","visible","TBD","TBD","TBD","TBD","TBD","unknown","yes","yes","","tests/e2e/specs/controls.spec.ts","not started","",""
"QA-0025","/admin/orders","src/app/admin/orders/page.tsx","Coaching","link","getByRole('link', { name: /Coaching/i })","yes","Navigate to the linked route or open the expected external target.","TBD from test or manual QA","visible","TBD","TBD","TBD","TBD","TBD","unknown","yes","unknown","","tests/e2e/specs/controls.spec.ts","not started","",""
"QA-0026","/admin/orders","src/app/admin/orders/page.tsx","Sign in","link","getByRole('link', { name: /Sign in/i })","yes","Navigate to the linked route or open the expected external target.","TBD from test or manual QA","visible","TBD","TBD","TBD","TBD","TBD","unknown","yes","unknown","","tests/e2e/specs/controls.spec.ts","not started","",""
"QA-0027","/admin/orders","src/app/admin/orders/page.tsx","Free audit","link","getByRole('link', { name: /Free audit/i })","yes","Navigate to the linked route or open the expected external target.","TBD from test or manual QA","visible","TBD","TBD","TBD","TBD","TBD","unknown","yes","unknown","","tests/e2e/specs/controls.spec.ts","not started","",""
"QA-0028","/admin/orders","src/app/admin/orders/page.tsx","Sign in","link","getByRole('link', { name: /Sign in/i })","yes","Navigate to the linked route or open the expected external target.","TBD from test or manual QA","visible","TBD","TBD","TBD","TBD","TBD","unknown","yes","unknown","","tests/e2e/specs/controls.spec.ts","not started","",""
"QA-0029","/admin/orders","src/app/admin/orders/page.tsx","Security","link","getByRole('link', { name: /Security/i })","yes","Navigate to the linked route or open the expected external target.","TBD from test or manual QA","visible","TBD","TBD","TBD","TBD","TBD","unknown","yes","unknown","","tests/e2e/specs/controls.spec.ts","not started","",""
"QA-0030","/admin/orders","src/app/admin/orders/page.tsx","Privacy","link","getByRole('link', { name: /Privacy/i })","yes","Navigate to the linked route or open the expected external target.","TBD from test or manual QA","visible","TBD","TBD","TBD","TBD","TBD","unknown","yes","unknown","","tests/e2e/specs/controls.spec.ts","not started","",""
"QA-0031","/admin/orders","src/app/admin/orders/page.tsx","Terms","link","getByRole('link', { name: /Terms/i })","yes","Navigate to the linked route or open the expected external target.","TBD from test or manual QA","visible","TBD","TBD","TBD","TBD","TBD","unknown","yes","unknown","","tests/e2e/specs/controls.spec.ts","not started","",""
"QA-0032","/admin/orders","src/app/admin/orders/page.tsx","Contact","link","getByRole('link', { name: /Contact/i })","yes","Navigate to the linked route or open the expected external target.","TBD from test or manual QA","visible","TBD","TBD","TBD","TBD","TBD","unknown","yes","unknown","","tests/e2e/specs/controls.spec.ts","not started","",""
"QA-0033","/applications/tailoring","src/app/applications/tailoring/page.tsx","TailorMe by Res.Me","link","getByRole('link', { name: /TailorMe by Res.Me/i })","yes","Navigate to the linked route or open the expected external target.","TBD from test or manual QA","visible","TBD","TBD","TBD","TBD","TBD","unknown","yes","yes","","tests/e2e/specs/controls.spec.ts","not started","",""
"QA-0034","/applications/tailoring","src/app/applications/tailoring/page.tsx","Pricing","link","getByRole('link', { name: /Pricing/i })","yes","Navigate to the linked route or open the expected external target.","TBD from test or manual QA","visible","TBD","TBD","TBD","TBD","TBD","unknown","yes","yes","","tests/e2e/specs/controls.spec.ts","not started","",""
"QA-0035","/applications/tailoring","src/app/applications/tailoring/page.tsx","Coaching","link","getByRole('link', { name: /Coaching/i })","yes","Navigate to the linked route or open the expected external target.","TBD from test or manual QA","visible","TBD","TBD","TBD","TBD","TBD","unknown","yes","unknown","","tests/e2e/specs/controls.spec.ts","not started","",""
"QA-0036","/applications/tailoring","src/app/applications/tailoring/page.tsx","Sign in","link","getByRole('link', { name: /Sign in/i })","yes","Navigate to the linked route or open the expected external target.","TBD from test or manual QA","visible","TBD","TBD","TBD","TBD","TBD","unknown","yes","unknown","","tests/e2e/specs/controls.spec.ts","not started","",""
"QA-0037","/applications/tailoring","src/app/applications/tailoring/page.tsx","Free audit","link","getByRole('link', { name: /Free audit/i })","yes","Navigate to the linked route or open the expected external target.","TBD from test or manual QA","visible","TBD","TBD","TBD","TBD","TBD","unknown","yes","unknown","","tests/e2e/specs/controls.spec.ts","not started","",""
"QA-0038","/applications/tailoring","src/app/applications/tailoring/page.tsx","I already have a resume Upload it, get instant feedback, and tailor it to any job. Upload my resume","button","getByRole('button', { name: /I already have a resume Upload it, get instant feedback, and tailor it to any jo/i })","yes","Open or submit the resume file selection flow.","TBD from test or manual QA","visible","TBD","TBD","TBD","TBD","TBD","unknown","yes","yes","","tests/e2e/specs/controls.spec.ts","not started","",""
"QA-0039","/applications/tailoring","src/app/applications/tailoring/page.tsx","Import from LinkedIn Paste your LinkedIn profile or notes and we'll build a resume to edit. Paste from LinkedIn","button","getByRole('button', { name: /Import from LinkedIn Paste your LinkedIn profile or notes and we'll build a resu/i })","yes","Open or submit the resume file selection flow.","TBD from test or manual QA","visible","TBD","TBD","TBD","TBD","TBD","unknown","yes","unknown","","tests/e2e/specs/controls.spec.ts","not started","",""
"QA-0040","/applications/tailoring","src/app/applications/tailoring/page.tsx","I need to create a resume Start with guided sections and build a resume before targeting jobs. Build from scratch","button","getByRole('button', { name: /I need to create a resume Start with guided sections and build a resume before t/i })","yes","Verify click behavior, keyboard activation, loading/success/error states, and no silent no-op.","TBD from test or manual QA","visible","TBD","TBD","TBD","TBD","TBD","unknown","yes","yes","","tests/e2e/specs/controls.spec.ts","not started","",""
"QA-0041","/applications/tailoring","src/app/applications/tailoring/page.tsx","Security","link","getByRole('link', { name: /Security/i })","yes","Navigate to the linked route or open the expected external target.","TBD from test or manual QA","visible","TBD","TBD","TBD","TBD","TBD","unknown","yes","unknown","","tests/e2e/specs/controls.spec.ts","not started","",""
"QA-0042","/applications/tailoring","src/app/applications/tailoring/page.tsx","Privacy","link","getByRole('link', { name: /Privacy/i })","yes","Navigate to the linked route or open the expected external target.","TBD from test or manual QA","visible","TBD","TBD","TBD","TBD","TBD","unknown","yes","unknown","","tests/e2e/specs/controls.spec.ts","not started","",""
"QA-0043","/applications/tailoring","src/app/applications/tailoring/page.tsx","Terms","link","getByRole('link', { name: /Terms/i })","yes","Navigate to the linked route or open the expected external target.","TBD from test or manual QA","visible","TBD","TBD","TBD","TBD","TBD","unknown","yes","unknown","","tests/e2e/specs/controls.spec.ts","not started","",""
"QA-0044","/applications/tailoring","src/app/applications/tailoring/page.tsx","Contact","link","getByRole('link', { name: /Contact/i })","yes","Navigate to the linked route or open the expected external target.","TBD from test or manual QA","visible","TBD","TBD","TBD","TBD","TBD","unknown","yes","unknown","","tests/e2e/specs/controls.spec.ts","not started","",""
"QA-0045","/audit","src/app/audit/page.tsx","TailorMe by Res.Me","link","getByRole('link', { name: /TailorMe by Res.Me/i })","yes","Navigate to the linked route or open the expected external target.","TBD from test or manual QA","visible","TBD","TBD","TBD","TBD","TBD","unknown","yes","yes","","tests/e2e/specs/resume-upload-happy-path.spec.ts","not started","",""
"QA-0046","/audit","src/app/audit/page.tsx","Pricing","link","getByRole('link', { name: /Pricing/i })","yes","Navigate to the linked route or open the expected external target.","TBD from test or manual QA","visible","TBD","TBD","TBD","TBD","TBD","unknown","yes","yes","","tests/e2e/specs/resume-upload-happy-path.spec.ts","not started","",""
"QA-0047","/audit","src/app/audit/page.tsx","Coaching","link","getByRole('link', { name: /Coaching/i })","yes","Navigate to the linked route or open the expected external target.","TBD from test or manual QA","visible","TBD","TBD","TBD","TBD","TBD","unknown","yes","unknown","","tests/e2e/specs/resume-upload-happy-path.spec.ts","not started","",""
"QA-0048","/audit","src/app/audit/page.tsx","Sign in","link","getByRole('link', { name: /Sign in/i })","yes","Navigate to the linked route or open the expected external target.","TBD from test or manual QA","visible","TBD","TBD","TBD","TBD","TBD","unknown","yes","unknown","","tests/e2e/specs/resume-upload-happy-path.spec.ts","not started","",""
"QA-0049","/audit","src/app/audit/page.tsx","Free audit","link","getByRole('link', { name: /Free audit/i })","yes","Navigate to the linked route or open the expected external target.","TBD from test or manual QA","visible","TBD","TBD","TBD","TBD","TBD","unknown","yes","unknown","","tests/e2e/specs/resume-upload-happy-path.spec.ts","not started","",""
"QA-0050","/audit","src/app/audit/page.tsx","I already have a resume Upload it, get instant feedback, and tailor it to any job. Upload my resume","button","getByRole('button', { name: /I already have a resume Upload it, get instant feedback, and tailor it to any jo/i })","yes","Open or submit the resume file selection flow.","TBD from test or manual QA","visible","TBD","TBD","TBD","TBD","TBD","unknown","yes","yes","","tests/e2e/specs/resume-upload-happy-path.spec.ts","not started","",""
"QA-0051","/audit","src/app/audit/page.tsx","Import from LinkedIn Paste your LinkedIn profile or notes and we'll build a resume to edit. Paste from LinkedIn","button","getByRole('button', { name: /Import from LinkedIn Paste your LinkedIn profile or notes and we'll build a resu/i })","yes","Open or submit the resume file selection flow.","TBD from test or manual QA","visible","TBD","TBD","TBD","TBD","TBD","unknown","yes","unknown","","tests/e2e/specs/resume-upload-happy-path.spec.ts","not started","",""
"QA-0052","/audit","src/app/audit/page.tsx","I need to create a resume Start with guided sections and build a resume before targeting jobs. Build from scratch","button","getByRole('button', { name: /I need to create a resume Start with guided sections and build a resume before t/i })","yes","Verify click behavior, keyboard activation, loading/success/error states, and no silent no-op.","TBD from test or manual QA","visible","TBD","TBD","TBD","TBD","TBD","unknown","yes","yes","","tests/e2e/specs/resume-upload-happy-path.spec.ts","not started","",""
"QA-0053","/audit","src/app/audit/page.tsx","Security","link","getByRole('link', { name: /Security/i })","yes","Navigate to the linked route or open the expected external target.","TBD from test or manual QA","visible","TBD","TBD","TBD","TBD","TBD","unknown","yes","unknown","","tests/e2e/specs/resume-upload-happy-path.spec.ts","not started","",""
"QA-0054","/audit","src/app/audit/page.tsx","Privacy","link","getByRole('link', { name: /Privacy/i })","yes","Navigate to the linked route or open the expected external target.","TBD from test or manual QA","visible","TBD","TBD","TBD","TBD","TBD","unknown","yes","unknown","","tests/e2e/specs/resume-upload-happy-path.spec.ts","not started","",""
"QA-0055","/audit","src/app/audit/page.tsx","Terms","link","getByRole('link', { name: /Terms/i })","yes","Navigate to the linked route or open the expected external target.","TBD from test or manual QA","visible","TBD","TBD","TBD","TBD","TBD","unknown","yes","unknown","","tests/e2e/specs/resume-upload-happy-path.spec.ts","not started","",""
"QA-0056","/audit","src/app/audit/page.tsx","Contact","link","getByRole('link', { name: /Contact/i })","yes","Navigate to the linked route or open the expected external target.","TBD from test or manual QA","visible","TBD","TBD","TBD","TBD","TBD","unknown","yes","unknown","","tests/e2e/specs/resume-upload-happy-path.spec.ts","not started","",""
"QA-0057","/book-session","src/app/book-session/page.tsx","TailorMe by Res.Me","link","getByRole('link', { name: /TailorMe by Res.Me/i })","yes","Navigate to the linked route or open the expected external target.","TBD from test or manual QA","visible","TBD","TBD","TBD","TBD","TBD","unknown","yes","yes","","tests/e2e/specs/controls.spec.ts","not started","",""
"QA-0058","/book-session","src/app/book-session/page.tsx","Pricing","link","getByRole('link', { name: /Pricing/i })","yes","Navigate to the linked route or open the expected external target.","TBD from test or manual QA","visible","TBD","TBD","TBD","TBD","TBD","unknown","yes","yes","","tests/e2e/specs/controls.spec.ts","not started","",""
"QA-0059","/book-session","src/app/book-session/page.tsx","Coaching","link","getByRole('link', { name: /Coaching/i })","yes","Navigate to the linked route or open the expected external target.","TBD from test or manual QA","visible","TBD","TBD","TBD","TBD","TBD","unknown","yes","unknown","","tests/e2e/specs/controls.spec.ts","not started","",""
"QA-0060","/book-session","src/app/book-session/page.tsx","Sign in","link","getByRole('link', { name: /Sign in/i })","yes","Navigate to the linked route or open the expected external target.","TBD from test or manual QA","visible","TBD","TBD","TBD","TBD","TBD","unknown","yes","unknown","","tests/e2e/specs/controls.spec.ts","not started","",""
"QA-0061","/book-session","src/app/book-session/page.tsx","Free audit","link","getByRole('link', { name: /Free audit/i })","yes","Navigate to the linked route or open the expected external target.","TBD from test or manual QA","visible","TBD","TBD","TBD","TBD","TBD","unknown","yes","unknown","","tests/e2e/specs/controls.spec.ts","not started","",""
"QA-0062","/book-session","src/app/book-session/page.tsx","Resume rewrite Full rewrite · 2 revision rounds · 5-day turnaround $149","button","getByRole('button', { name: /Resume rewrite Full rewrite · 2 revision rounds · 5-day turnaround $149/i })","yes","Verify click behavior, keyboard activation, loading/success/error states, and no silent no-op.","TBD from test or manual QA","visible","TBD","TBD","TBD","TBD","TBD","unknown","yes","unknown","","tests/e2e/specs/controls.spec.ts","not started","",""
"QA-0063","/book-session","src/app/book-session/page.tsx","Rewrite + cover letter Most popular Adds cover letter + LinkedIn pass $199","button","getByRole('button', { name: /Rewrite + cover letter Most popular Adds cover letter + LinkedIn pass $199/i })","yes","Verify click behavior, keyboard activation, loading/success/error states, and no silent no-op.","TBD from test or manual QA","visible","TBD","TBD","TBD","TBD","TBD","unknown","yes","unknown","","tests/e2e/specs/controls.spec.ts","not started","",""
"QA-0064","/book-session","src/app/book-session/page.tsx","Full coaching Adds two 45-min sessions + 30 days of follow-up $299","button","getByRole('button', { name: /Full coaching Adds two 45-min sessions + 30 days of follow-up $299/i })","yes","Verify click behavior, keyboard activation, loading/success/error states, and no silent no-op.","TBD from test or manual QA","visible","TBD","TBD","TBD","TBD","TBD","unknown","yes","unknown","","tests/e2e/specs/controls.spec.ts","not started","",""
"QA-0065","/book-session","src/app/book-session/page.tsx","Pick a time with Michael","button","getByRole('button', { name: /Pick a time with Michael/i })","yes","Verify click behavior, keyboard activation, loading/success/error states, and no silent no-op.","TBD from test or manual QA","visible","TBD","TBD","TBD","TBD","TBD","unknown","yes","unknown","","tests/e2e/specs/controls.spec.ts","not started","",""
"QA-0066","/book-session","src/app/book-session/page.tsx","Security","link","getByRole('link', { name: /Security/i })","yes","Navigate to the linked route or open the expected external target.","TBD from test or manual QA","visible","TBD","TBD","TBD","TBD","TBD","unknown","yes","unknown","","tests/e2e/specs/controls.spec.ts","not started","",""
"QA-0067","/book-session","src/app/book-session/page.tsx","Privacy","link","getByRole('link', { name: /Privacy/i })","yes","Navigate to the linked route or open the expected external target.","TBD from test or manual QA","visible","TBD","TBD","TBD","TBD","TBD","unknown","yes","unknown","","tests/e2e/specs/controls.spec.ts","not started","",""
"QA-0068","/book-session","src/app/book-session/page.tsx","Terms","link","getByRole('link', { name: /Terms/i })","yes","Navigate to the linked route or open the expected external target.","TBD from test or manual QA","visible","TBD","TBD","TBD","TBD","TBD","unknown","yes","unknown","","tests/e2e/specs/controls.spec.ts","not started","",""
"QA-0069","/book-session","src/app/book-session/page.tsx","Contact","link","getByRole('link', { name: /Contact/i })","yes","Navigate to the linked route or open the expected external target.","TBD from test or manual QA","visible","TBD","TBD","TBD","TBD","TBD","unknown","yes","unknown","","tests/e2e/specs/controls.spec.ts","not started","",""
"QA-0070","/buy-credits","src/app/buy-credits/page.tsx","TailorMe by Res.Me","link","getByRole('link', { name: /TailorMe by Res.Me/i })","yes","Navigate to the linked route or open the expected external target.","TBD from test or manual QA","visible","TBD","TBD","TBD","TBD","TBD","unknown","yes","yes","","tests/e2e/specs/controls.spec.ts","not started","",""
"QA-0071","/buy-credits","src/app/buy-credits/page.tsx","Pricing","link","getByRole('link', { name: /Pricing/i })","yes","Navigate to the linked route or open the expected external target.","TBD from test or manual QA","visible","TBD","TBD","TBD","TBD","TBD","unknown","yes","yes","","tests/e2e/specs/controls.spec.ts","not started","",""
"QA-0072","/buy-credits","src/app/buy-credits/page.tsx","Coaching","link","getByRole('link', { name: /Coaching/i })","yes","Navigate to the linked route or open the expected external target.","TBD from test or manual QA","visible","TBD","TBD","TBD","TBD","TBD","unknown","yes","unknown","","tests/e2e/specs/controls.spec.ts","not started","",""
"QA-0073","/buy-credits","src/app/buy-credits/page.tsx","Sign in","link","getByRole('link', { name: /Sign in/i })","yes","Navigate to the linked route or open the expected external target.","TBD from test or manual QA","visible","TBD","TBD","TBD","TBD","TBD","unknown","yes","unknown","","tests/e2e/specs/controls.spec.ts","not started","",""
"QA-0074","/buy-credits","src/app/buy-credits/page.tsx","Free audit","link","getByRole('link', { name: /Free audit/i })","yes","Navigate to the linked route or open the expected external target.","TBD from test or manual QA","visible","TBD","TBD","TBD","TBD","TBD","unknown","yes","unknown","","tests/e2e/specs/controls.spec.ts","not started","",""
"QA-0075","/buy-credits","src/app/buy-credits/page.tsx","Expert FeedbackOne human review pass · prioritized feedback within 48h+$79","checkbox","getByLabel(/Expert FeedbackOne human review pass · prioritized feedback within 48h+$79/i)","yes","Run the relevant review/generation action with loading, success, and failure states.","TBD from test or manual QA","visible","TBD","TBD","TBD","TBD","TBD","unknown","no","yes","","tests/e2e/specs/controls.spec.ts","not started","",""
"QA-0076","/buy-credits","src/app/buy-credits/page.tsx","Human RevisionOne hands-on human revision pass for one application+$149","checkbox","getByLabel(/Human RevisionOne hands-on human revision pass for one application+$149/i)","yes","Verify click behavior, keyboard activation, loading/success/error states, and no silent no-op.","TBD from test or manual QA","visible","TBD","TBD","TBD","TBD","TBD","unknown","no","unknown","","tests/e2e/specs/controls.spec.ts","not started","",""
"QA-0077","/buy-credits","src/app/buy-credits/page.tsx","Get in touch","link","getByRole('link', { name: /Get in touch/i })","yes","Navigate to the linked route or open the expected external target.","TBD from test or manual QA","visible","TBD","TBD","TBD","TBD","TBD","unknown","yes","unknown","","tests/e2e/specs/controls.spec.ts","not started","",""
"QA-0078","/buy-credits","src/app/buy-credits/page.tsx","Pay $69","button","getByRole('button', { name: /Pay $69/i })","yes","Verify click behavior, keyboard activation, loading/success/error states, and no silent no-op.","TBD from test or manual QA","visible","TBD","TBD","TBD","TBD","TBD","unknown","yes","unknown","","tests/e2e/specs/controls.spec.ts","not started","",""
"QA-0079","/buy-credits","src/app/buy-credits/page.tsx","Security","link","getByRole('link', { name: /Security/i })","yes","Navigate to the linked route or open the expected external target.","TBD from test or manual QA","visible","TBD","TBD","TBD","TBD","TBD","unknown","yes","unknown","","tests/e2e/specs/controls.spec.ts","not started","",""
"QA-0080","/buy-credits","src/app/buy-credits/page.tsx","Privacy","link","getByRole('link', { name: /Privacy/i })","yes","Navigate to the linked route or open the expected external target.","TBD from test or manual QA","visible","TBD","TBD","TBD","TBD","TBD","unknown","yes","unknown","","tests/e2e/specs/controls.spec.ts","not started","",""
"QA-0081","/buy-credits","src/app/buy-credits/page.tsx","Terms","link","getByRole('link', { name: /Terms/i })","yes","Navigate to the linked route or open the expected external target.","TBD from test or manual QA","visible","TBD","TBD","TBD","TBD","TBD","unknown","yes","unknown","","tests/e2e/specs/controls.spec.ts","not started","",""
"QA-0082","/buy-credits","src/app/buy-credits/page.tsx","Contact","link","getByRole('link', { name: /Contact/i })","yes","Navigate to the linked route or open the expected external target.","TBD from test or manual QA","visible","TBD","TBD","TBD","TBD","TBD","unknown","yes","unknown","","tests/e2e/specs/controls.spec.ts","not started","",""
"QA-0083","/coaching","src/app/coaching/page.tsx","TailorMe by Res.Me","link","getByRole('link', { name: /TailorMe by Res.Me/i })","yes","Navigate to the linked route or open the expected external target.","TBD from test or manual QA","visible","TBD","TBD","TBD","TBD","TBD","unknown","yes","yes","","tests/e2e/specs/controls.spec.ts","not started","",""
"QA-0084","/coaching","src/app/coaching/page.tsx","Pricing","link","getByRole('link', { name: /Pricing/i })","yes","Navigate to the linked route or open the expected external target.","TBD from test or manual QA","visible","TBD","TBD","TBD","TBD","TBD","unknown","yes","yes","","tests/e2e/specs/controls.spec.ts","not started","",""
"QA-0085","/coaching","src/app/coaching/page.tsx","Coaching","link","getByRole('link', { name: /Coaching/i })","yes","Navigate to the linked route or open the expected external target.","TBD from test or manual QA","visible","TBD","TBD","TBD","TBD","TBD","unknown","yes","unknown","","tests/e2e/specs/controls.spec.ts","not started","",""
"QA-0086","/coaching","src/app/coaching/page.tsx","Sign in","link","getByRole('link', { name: /Sign in/i })","yes","Navigate to the linked route or open the expected external target.","TBD from test or manual QA","visible","TBD","TBD","TBD","TBD","TBD","unknown","yes","unknown","","tests/e2e/specs/controls.spec.ts","not started","",""
"QA-0087","/coaching","src/app/coaching/page.tsx","Free audit","link","getByRole('link', { name: /Free audit/i })","yes","Navigate to the linked route or open the expected external target.","TBD from test or manual QA","visible","TBD","TBD","TBD","TBD","TBD","unknown","yes","unknown","","tests/e2e/specs/controls.spec.ts","not started","",""
"QA-0088","/coaching","src/app/coaching/page.tsx","Book a session","link","getByRole('link', { name: /Book a session/i })","yes","Navigate to the linked route or open the expected external target.","TBD from test or manual QA","visible","TBD","TBD","TBD","TBD","TBD","unknown","yes","unknown","","tests/e2e/specs/controls.spec.ts","not started","",""
"QA-0089","/coaching","src/app/coaching/page.tsx","See packages","link","getByRole('link', { name: /See packages/i })","yes","Navigate to the linked route or open the expected external target.","TBD from test or manual QA","visible","TBD","TBD","TBD","TBD","TBD","unknown","yes","unknown","","tests/e2e/specs/controls.spec.ts","not started","",""
"QA-0090","/coaching","src/app/coaching/page.tsx","Choose Resume rewrite","link","getByRole('link', { name: /Choose Resume rewrite/i })","yes","Navigate to the linked route or open the expected external target.","TBD from test or manual QA","visible","TBD","TBD","TBD","TBD","TBD","unknown","yes","unknown","","tests/e2e/specs/controls.spec.ts","not started","",""
"QA-0091","/coaching","src/app/coaching/page.tsx","Choose Rewrite + cover letter","link","getByRole('link', { name: /Choose Rewrite + cover letter/i })","yes","Navigate to the linked route or open the expected external target.","TBD from test or manual QA","visible","TBD","TBD","TBD","TBD","TBD","unknown","yes","unknown","","tests/e2e/specs/controls.spec.ts","not started","",""
"QA-0092","/coaching","src/app/coaching/page.tsx","Choose Full coaching","link","getByRole('link', { name: /Choose Full coaching/i })","yes","Navigate to the linked route or open the expected external target.","TBD from test or manual QA","visible","TBD","TBD","TBD","TBD","TBD","unknown","yes","unknown","","tests/e2e/specs/controls.spec.ts","not started","",""
"QA-0093","/coaching","src/app/coaching/page.tsx","Add to an application","link","getByRole('link', { name: /Add to an application/i })","yes","Navigate to the linked route or open the expected external target.","TBD from test or manual QA","visible","TBD","TBD","TBD","TBD","TBD","unknown","yes","unknown","","tests/e2e/specs/controls.spec.ts","not started","",""
"QA-0094","/coaching","src/app/coaching/page.tsx","Book a session","link","getByRole('link', { name: /Book a session/i })","yes","Navigate to the linked route or open the expected external target.","TBD from test or manual QA","visible","TBD","TBD","TBD","TBD","TBD","unknown","yes","unknown","","tests/e2e/specs/controls.spec.ts","not started","",""
"QA-0095","/coaching","src/app/coaching/page.tsx","Try TailorMe free","link","getByRole('link', { name: /Try TailorMe free/i })","yes","Navigate to the linked route or open the expected external target.","TBD from test or manual QA","visible","TBD","TBD","TBD","TBD","TBD","unknown","yes","yes","","tests/e2e/specs/controls.spec.ts","not started","",""
"QA-0096","/coaching","src/app/coaching/page.tsx","Security","link","getByRole('link', { name: /Security/i })","yes","Navigate to the linked route or open the expected external target.","TBD from test or manual QA","visible","TBD","TBD","TBD","TBD","TBD","unknown","yes","unknown","","tests/e2e/specs/controls.spec.ts","not started","",""
"QA-0097","/coaching","src/app/coaching/page.tsx","Privacy","link","getByRole('link', { name: /Privacy/i })","yes","Navigate to the linked route or open the expected external target.","TBD from test or manual QA","visible","TBD","TBD","TBD","TBD","TBD","unknown","yes","unknown","","tests/e2e/specs/controls.spec.ts","not started","",""
"QA-0098","/coaching","src/app/coaching/page.tsx","Terms","link","getByRole('link', { name: /Terms/i })","yes","Navigate to the linked route or open the expected external target.","TBD from test or manual QA","visible","TBD","TBD","TBD","TBD","TBD","unknown","yes","unknown","","tests/e2e/specs/controls.spec.ts","not started","",""
"QA-0099","/coaching","src/app/coaching/page.tsx","Contact","link","getByRole('link', { name: /Contact/i })","yes","Navigate to the linked route or open the expected external target.","TBD from test or manual QA","visible","TBD","TBD","TBD","TBD","TBD","unknown","yes","unknown","","tests/e2e/specs/controls.spec.ts","not started","",""
"QA-0100","/contact","src/app/contact/page.tsx","TailorMe by Res.Me","link","getByRole('link', { name: /TailorMe by Res.Me/i })","yes","Navigate to the linked route or open the expected external target.","TBD from test or manual QA","visible","TBD","TBD","TBD","TBD","TBD","unknown","yes","yes","","tests/e2e/specs/controls.spec.ts","not started","",""
"QA-0101","/contact","src/app/contact/page.tsx","Pricing","link","getByRole('link', { name: /Pricing/i })","yes","Navigate to the linked route or open the expected external target.","TBD from test or manual QA","visible","TBD","TBD","TBD","TBD","TBD","unknown","yes","yes","","tests/e2e/specs/controls.spec.ts","not started","",""
"QA-0102","/contact","src/app/contact/page.tsx","Coaching","link","getByRole('link', { name: /Coaching/i })","yes","Navigate to the linked route or open the expected external target.","TBD from test or manual QA","visible","TBD","TBD","TBD","TBD","TBD","unknown","yes","unknown","","tests/e2e/specs/controls.spec.ts","not started","",""
"QA-0103","/contact","src/app/contact/page.tsx","Sign in","link","getByRole('link', { name: /Sign in/i })","yes","Navigate to the linked route or open the expected external target.","TBD from test or manual QA","visible","TBD","TBD","TBD","TBD","TBD","unknown","yes","unknown","","tests/e2e/specs/controls.spec.ts","not started","",""
"QA-0104","/contact","src/app/contact/page.tsx","Free audit","link","getByRole('link', { name: /Free audit/i })","yes","Navigate to the linked route or open the expected external target.","TBD from test or manual QA","visible","TBD","TBD","TBD","TBD","TBD","unknown","yes","unknown","","tests/e2e/specs/controls.spec.ts","not started","",""
"QA-0105","/contact","src/app/contact/page.tsx","Name","text","getByLabel(/Name/i)","yes","Verify click behavior, keyboard activation, loading/success/error states, and no silent no-op.","TBD from test or manual QA","visible","TBD","TBD","TBD","TBD","TBD","unknown","no","unknown","","tests/e2e/specs/controls.spec.ts","not started","",""
"QA-0106","/contact","src/app/contact/page.tsx","Email","email","getByLabel(/Email/i)","yes","Verify click behavior, keyboard activation, loading/success/error states, and no silent no-op.","TBD from test or manual QA","visible","TBD","TBD","TBD","TBD","TBD","unknown","no","unknown","","tests/e2e/specs/controls.spec.ts","not started","",""
"QA-0107","/contact","src/app/contact/page.tsx","What’s this about?","select","getByLabel(/What’s this about?/i)","yes","Verify click behavior, keyboard activation, loading/success/error states, and no silent no-op.","TBD from test or manual QA","visible","TBD","TBD","TBD","TBD","TBD","unknown","no","unknown","","tests/e2e/specs/controls.spec.ts","not started","",""
"QA-0108","/contact","src/app/contact/page.tsx","Message","textarea","getByLabel(/Message/i)","yes","Verify click behavior, keyboard activation, loading/success/error states, and no silent no-op.","TBD from test or manual QA","visible","TBD","TBD","TBD","TBD","TBD","unknown","no","unknown","","tests/e2e/specs/controls.spec.ts","not started","",""
"QA-0109","/contact","src/app/contact/page.tsx","Name","button","getByRole('button', { name: /Name/i })","yes","Verify click behavior, keyboard activation, loading/success/error states, and no silent no-op.","TBD from test or manual QA","visible","TBD","TBD","TBD","TBD","TBD","unknown","yes","unknown","","tests/e2e/specs/controls.spec.ts","not started","",""
"QA-0110","/contact","src/app/contact/page.tsx","Security","link","getByRole('link', { name: /Security/i })","yes","Navigate to the linked route or open the expected external target.","TBD from test or manual QA","visible","TBD","TBD","TBD","TBD","TBD","unknown","yes","unknown","","tests/e2e/specs/controls.spec.ts","not started","",""
"QA-0111","/contact","src/app/contact/page.tsx","Privacy","link","getByRole('link', { name: /Privacy/i })","yes","Navigate to the linked route or open the expected external target.","TBD from test or manual QA","visible","TBD","TBD","TBD","TBD","TBD","unknown","yes","unknown","","tests/e2e/specs/controls.spec.ts","not started","",""
"QA-0112","/contact","src/app/contact/page.tsx","Terms","link","getByRole('link', { name: /Terms/i })","yes","Navigate to the linked route or open the expected external target.","TBD from test or manual QA","visible","TBD","TBD","TBD","TBD","TBD","unknown","yes","unknown","","tests/e2e/specs/controls.spec.ts","not started","",""
"QA-0113","/contact","src/app/contact/page.tsx","Contact","link","getByRole('link', { name: /Contact/i })","yes","Navigate to the linked route or open the expected external target.","TBD from test or manual QA","visible","TBD","TBD","TBD","TBD","TBD","unknown","yes","unknown","","tests/e2e/specs/controls.spec.ts","not started","",""
"QA-0114","/dashboard","src/app/dashboard/page.tsx","TailorMe by Res.Me","link","getByRole('link', { name: /TailorMe by Res.Me/i })","yes","Navigate to the linked route or open the expected external target.","TBD from test or manual QA","visible","TBD","TBD","TBD","TBD","TBD","unknown","yes","yes","","tests/e2e/specs/controls.spec.ts","not started","",""
"QA-0115","/dashboard","src/app/dashboard/page.tsx","Pricing","link","getByRole('link', { name: /Pricing/i })","yes","Navigate to the linked route or open the expected external target.","TBD from test or manual QA","visible","TBD","TBD","TBD","TBD","TBD","unknown","yes","yes","","tests/e2e/specs/controls.spec.ts","not started","",""
"QA-0116","/dashboard","src/app/dashboard/page.tsx","Coaching","link","getByRole('link', { name: /Coaching/i })","yes","Navigate to the linked route or open the expected external target.","TBD from test or manual QA","visible","TBD","TBD","TBD","TBD","TBD","unknown","yes","unknown","","tests/e2e/specs/controls.spec.ts","not started","",""
"QA-0117","/dashboard","src/app/dashboard/page.tsx","Sign in","link","getByRole('link', { name: /Sign in/i })","yes","Navigate to the linked route or open the expected external target.","TBD from test or manual QA","visible","TBD","TBD","TBD","TBD","TBD","unknown","yes","unknown","","tests/e2e/specs/controls.spec.ts","not started","",""
"QA-0118","/dashboard","src/app/dashboard/page.tsx","Free audit","link","getByRole('link', { name: /Free audit/i })","yes","Navigate to the linked route or open the expected external target.","TBD from test or manual QA","visible","TBD","TBD","TBD","TBD","TBD","unknown","yes","unknown","","tests/e2e/specs/controls.spec.ts","not started","",""
"QA-0119","/dashboard","src/app/dashboard/page.tsx","Sign in","link","getByRole('link', { name: /Sign in/i })","yes","Navigate to the linked route or open the expected external target.","TBD from test or manual QA","visible","TBD","TBD","TBD","TBD","TBD","unknown","yes","unknown","","tests/e2e/specs/controls.spec.ts","not started","",""
"QA-0120","/dashboard","src/app/dashboard/page.tsx","Security","link","getByRole('link', { name: /Security/i })","yes","Navigate to the linked route or open the expected external target.","TBD from test or manual QA","visible","TBD","TBD","TBD","TBD","TBD","unknown","yes","unknown","","tests/e2e/specs/controls.spec.ts","not started","",""
"QA-0121","/dashboard","src/app/dashboard/page.tsx","Privacy","link","getByRole('link', { name: /Privacy/i })","yes","Navigate to the linked route or open the expected external target.","TBD from test or manual QA","visible","TBD","TBD","TBD","TBD","TBD","unknown","yes","unknown","","tests/e2e/specs/controls.spec.ts","not started","",""
"QA-0122","/dashboard","src/app/dashboard/page.tsx","Terms","link","getByRole('link', { name: /Terms/i })","yes","Navigate to the linked route or open the expected external target.","TBD from test or manual QA","visible","TBD","TBD","TBD","TBD","TBD","unknown","yes","unknown","","tests/e2e/specs/controls.spec.ts","not started","",""
"QA-0123","/dashboard","src/app/dashboard/page.tsx","Contact","link","getByRole('link', { name: /Contact/i })","yes","Navigate to the linked route or open the expected external target.","TBD from test or manual QA","visible","TBD","TBD","TBD","TBD","TBD","unknown","yes","unknown","","tests/e2e/specs/controls.spec.ts","not started","",""
"QA-0124","/dashboard-demo","src/app/dashboard-demo/page.tsx","TailorMe by Res.Me","link","getByRole('link', { name: /TailorMe by Res.Me/i })","yes","Navigate to the linked route or open the expected external target.","TBD from test or manual QA","visible","TBD","TBD","TBD","TBD","TBD","unknown","yes","yes","","tests/e2e/specs/controls.spec.ts","not started","",""
"QA-0125","/dashboard-demo","src/app/dashboard-demo/page.tsx","Pricing","link","getByRole('link', { name: /Pricing/i })","yes","Navigate to the linked route or open the expected external target.","TBD from test or manual QA","visible","TBD","TBD","TBD","TBD","TBD","unknown","yes","yes","","tests/e2e/specs/controls.spec.ts","not started","",""
"QA-0126","/dashboard-demo","src/app/dashboard-demo/page.tsx","Coaching","link","getByRole('link', { name: /Coaching/i })","yes","Navigate to the linked route or open the expected external target.","TBD from test or manual QA","visible","TBD","TBD","TBD","TBD","TBD","unknown","yes","unknown","","tests/e2e/specs/controls.spec.ts","not started","",""
"QA-0127","/dashboard-demo","src/app/dashboard-demo/page.tsx","Sign in","link","getByRole('link', { name: /Sign in/i })","yes","Navigate to the linked route or open the expected external target.","TBD from test or manual QA","visible","TBD","TBD","TBD","TBD","TBD","unknown","yes","unknown","","tests/e2e/specs/controls.spec.ts","not started","",""
"QA-0128","/dashboard-demo","src/app/dashboard-demo/page.tsx","Free audit","link","getByRole('link', { name: /Free audit/i })","yes","Navigate to the linked route or open the expected external target.","TBD from test or manual QA","visible","TBD","TBD","TBD","TBD","TBD","unknown","yes","unknown","","tests/e2e/specs/controls.spec.ts","not started","",""
"QA-0129","/dashboard-demo","src/app/dashboard-demo/page.tsx","Sign in","link","getByRole('link', { name: /Sign in/i })","yes","Navigate to the linked route or open the expected external target.","TBD from test or manual QA","visible","TBD","TBD","TBD","TBD","TBD","unknown","yes","unknown","","tests/e2e/specs/controls.spec.ts","not started","",""
"QA-0130","/dashboard-demo","src/app/dashboard-demo/page.tsx","Security","link","getByRole('link', { name: /Security/i })","yes","Navigate to the linked route or open the expected external target.","TBD from test or manual QA","visible","TBD","TBD","TBD","TBD","TBD","unknown","yes","unknown","","tests/e2e/specs/controls.spec.ts","not started","",""
"QA-0131","/dashboard-demo","src/app/dashboard-demo/page.tsx","Privacy","link","getByRole('link', { name: /Privacy/i })","yes","Navigate to the linked route or open the expected external target.","TBD from test or manual QA","visible","TBD","TBD","TBD","TBD","TBD","unknown","yes","unknown","","tests/e2e/specs/controls.spec.ts","not started","",""
"QA-0132","/dashboard-demo","src/app/dashboard-demo/page.tsx","Terms","link","getByRole('link', { name: /Terms/i })","yes","Navigate to the linked route or open the expected external target.","TBD from test or manual QA","visible","TBD","TBD","TBD","TBD","TBD","unknown","yes","unknown","","tests/e2e/specs/controls.spec.ts","not started","",""
"QA-0133","/dashboard-demo","src/app/dashboard-demo/page.tsx","Contact","link","getByRole('link', { name: /Contact/i })","yes","Navigate to the linked route or open the expected external target.","TBD from test or manual QA","visible","TBD","TBD","TBD","TBD","TBD","unknown","yes","unknown","","tests/e2e/specs/controls.spec.ts","not started","",""
"QA-0134","/forgot-password","src/app/forgot-password/page.tsx","TailorMe by Res.Me","link","getByRole('link', { name: /TailorMe by Res.Me/i })","yes","Navigate to the linked route or open the expected external target.","TBD from test or manual QA","visible","TBD","TBD","TBD","TBD","TBD","unknown","yes","yes","","tests/e2e/specs/controls.spec.ts","not started","",""
"QA-0135","/forgot-password","src/app/forgot-password/page.tsx","Pricing","link","getByRole('link', { name: /Pricing/i })","yes","Navigate to the linked route or open the expected external target.","TBD from test or manual QA","visible","TBD","TBD","TBD","TBD","TBD","unknown","yes","yes","","tests/e2e/specs/controls.spec.ts","not started","",""
"QA-0136","/forgot-password","src/app/forgot-password/page.tsx","Coaching","link","getByRole('link', { name: /Coaching/i })","yes","Navigate to the linked route or open the expected external target.","TBD from test or manual QA","visible","TBD","TBD","TBD","TBD","TBD","unknown","yes","unknown","","tests/e2e/specs/controls.spec.ts","not started","",""
"QA-0137","/forgot-password","src/app/forgot-password/page.tsx","Sign in","link","getByRole('link', { name: /Sign in/i })","yes","Navigate to the linked route or open the expected external target.","TBD from test or manual QA","visible","TBD","TBD","TBD","TBD","TBD","unknown","yes","unknown","","tests/e2e/specs/controls.spec.ts","not started","",""
"QA-0138","/forgot-password","src/app/forgot-password/page.tsx","Free audit","link","getByRole('link', { name: /Free audit/i })","yes","Navigate to the linked route or open the expected external target.","TBD from test or manual QA","visible","TBD","TBD","TBD","TBD","TBD","unknown","yes","unknown","","tests/e2e/specs/controls.spec.ts","not started","",""
"QA-0139","/forgot-password","src/app/forgot-password/page.tsx","Email","email","getByLabel(/Email/i)","yes","Verify click behavior, keyboard activation, loading/success/error states, and no silent no-op.","TBD from test or manual QA","visible","TBD","TBD","TBD","TBD","TBD","unknown","no","unknown","","tests/e2e/specs/controls.spec.ts","not started","",""
"QA-0140","/forgot-password","src/app/forgot-password/page.tsx","Email","button","getByRole('button', { name: /Email/i })","yes","Verify click behavior, keyboard activation, loading/success/error states, and no silent no-op.","TBD from test or manual QA","visible","TBD","TBD","TBD","TBD","TBD","unknown","yes","unknown","","tests/e2e/specs/controls.spec.ts","not started","",""
"QA-0141","/forgot-password","src/app/forgot-password/page.tsx","← Back to sign in","link","getByRole('link', { name: /← Back to sign in/i })","yes","Navigate to the linked route or open the expected external target.","TBD from test or manual QA","visible","TBD","TBD","TBD","TBD","TBD","unknown","yes","unknown","","tests/e2e/specs/controls.spec.ts","not started","",""
"QA-0142","/forgot-password","src/app/forgot-password/page.tsx","Security","link","getByRole('link', { name: /Security/i })","yes","Navigate to the linked route or open the expected external target.","TBD from test or manual QA","visible","TBD","TBD","TBD","TBD","TBD","unknown","yes","unknown","","tests/e2e/specs/controls.spec.ts","not started","",""
"QA-0143","/forgot-password","src/app/forgot-password/page.tsx","Privacy","link","getByRole('link', { name: /Privacy/i })","yes","Navigate to the linked route or open the expected external target.","TBD from test or manual QA","visible","TBD","TBD","TBD","TBD","TBD","unknown","yes","unknown","","tests/e2e/specs/controls.spec.ts","not started","",""
"QA-0144","/forgot-password","src/app/forgot-password/page.tsx","Terms","link","getByRole('link', { name: /Terms/i })","yes","Navigate to the linked route or open the expected external target.","TBD from test or manual QA","visible","TBD","TBD","TBD","TBD","TBD","unknown","yes","unknown","","tests/e2e/specs/controls.spec.ts","not started","",""
"QA-0145","/forgot-password","src/app/forgot-password/page.tsx","Contact","link","getByRole('link', { name: /Contact/i })","yes","Navigate to the linked route or open the expected external target.","TBD from test or manual QA","visible","TBD","TBD","TBD","TBD","TBD","unknown","yes","unknown","","tests/e2e/specs/controls.spec.ts","not started","",""
"QA-0146","/pricing","src/app/pricing/page.tsx","TailorMe by Res.Me","link","getByRole('link', { name: /TailorMe by Res.Me/i })","yes","Navigate to the linked route or open the expected external target.","TBD from test or manual QA","visible","TBD","TBD","TBD","TBD","TBD","unknown","yes","yes","","tests/e2e/specs/controls.spec.ts","not started","",""
"QA-0147","/pricing","src/app/pricing/page.tsx","Pricing","link","getByRole('link', { name: /Pricing/i })","yes","Navigate to the linked route or open the expected external target.","TBD from test or manual QA","visible","TBD","TBD","TBD","TBD","TBD","unknown","yes","yes","","tests/e2e/specs/controls.spec.ts","not started","",""
"QA-0148","/pricing","src/app/pricing/page.tsx","Coaching","link","getByRole('link', { name: /Coaching/i })","yes","Navigate to the linked route or open the expected external target.","TBD from test or manual QA","visible","TBD","TBD","TBD","TBD","TBD","unknown","yes","unknown","","tests/e2e/specs/controls.spec.ts","not started","",""
"QA-0149","/pricing","src/app/pricing/page.tsx","Sign in","link","getByRole('link', { name: /Sign in/i })","yes","Navigate to the linked route or open the expected external target.","TBD from test or manual QA","visible","TBD","TBD","TBD","TBD","TBD","unknown","yes","unknown","","tests/e2e/specs/controls.spec.ts","not started","",""
"QA-0150","/pricing","src/app/pricing/page.tsx","Free audit","link","getByRole('link', { name: /Free audit/i })","yes","Navigate to the linked route or open the expected external target.","TBD from test or manual QA","visible","TBD","TBD","TBD","TBD","TBD","unknown","yes","unknown","","tests/e2e/specs/controls.spec.ts","not started","",""
"QA-0151","/pricing","src/app/pricing/page.tsx","Buy Starter","link","getByRole('link', { name: /Buy Starter/i })","yes","Navigate to the linked route or open the expected external target.","TBD from test or manual QA","visible","TBD","TBD","TBD","TBD","TBD","unknown","yes","unknown","","tests/e2e/specs/controls.spec.ts","not started","",""
"QA-0152","/pricing","src/app/pricing/page.tsx","Buy Job Hunt","link","getByRole('link', { name: /Buy Job Hunt/i })","yes","Navigate to the linked route or open the expected external target.","TBD from test or manual QA","visible","TBD","TBD","TBD","TBD","TBD","unknown","yes","unknown","","tests/e2e/specs/controls.spec.ts","not started","",""
"QA-0153","/pricing","src/app/pricing/page.tsx","Buy Campaign","link","getByRole('link', { name: /Buy Campaign/i })","yes","Navigate to the linked route or open the expected external target.","TBD from test or manual QA","visible","TBD","TBD","TBD","TBD","TBD","unknown","yes","unknown","","tests/e2e/specs/controls.spec.ts","not started","",""
"QA-0154","/pricing","src/app/pricing/page.tsx","Compare human options","link","getByRole('link', { name: /Compare human options/i })","yes","Navigate to the linked route or open the expected external target.","TBD from test or manual QA","visible","TBD","TBD","TBD","TBD","TBD","unknown","yes","unknown","","tests/e2e/specs/controls.spec.ts","not started","",""
"QA-0155","/pricing","src/app/pricing/page.tsx","Unused credits refunded in full within 30 days.","button","getByRole('button', { name: /Unused credits refunded in full within 30 days./i })","yes","Verify click behavior, keyboard activation, loading/success/error states, and no silent no-op.","TBD from test or manual QA","visible","TBD","TBD","TBD","TBD","TBD","unknown","yes","unknown","","tests/e2e/specs/controls.spec.ts","not started","",""
"QA-0156","/pricing","src/app/pricing/page.tsx","Do credits expire?","button","getByRole('button', { name: /Do credits expire?/i })","yes","Verify click behavior, keyboard activation, loading/success/error states, and no silent no-op.","TBD from test or manual QA","visible","TBD","TBD","TBD","TBD","TBD","unknown","yes","unknown","","tests/e2e/specs/controls.spec.ts","not started","",""
"QA-0157","/pricing","src/app/pricing/page.tsx","What counts as one application?","button","getByRole('button', { name: /What counts as one application?/i })","yes","Verify click behavior, keyboard activation, loading/success/error states, and no silent no-op.","TBD from test or manual QA","visible","TBD","TBD","TBD","TBD","TBD","unknown","yes","unknown","","tests/e2e/specs/controls.spec.ts","not started","",""
"QA-0158","/pricing","src/app/pricing/page.tsx","Can I see the result before spending a credit?","button","getByRole('button', { name: /Can I see the result before spending a credit?/i })","yes","Verify click behavior, keyboard activation, loading/success/error states, and no silent no-op.","TBD from test or manual QA","visible","TBD","TBD","TBD","TBD","TBD","unknown","yes","unknown","","tests/e2e/specs/controls.spec.ts","not started","",""
"QA-0159","/pricing","src/app/pricing/page.tsx","What is the refund policy?","button","getByRole('button', { name: /What is the refund policy?/i })","yes","Verify click behavior, keyboard activation, loading/success/error states, and no silent no-op.","TBD from test or manual QA","visible","TBD","TBD","TBD","TBD","TBD","unknown","yes","unknown","","tests/e2e/specs/controls.spec.ts","not started","",""
"QA-0160","/pricing","src/app/pricing/page.tsx","Can a human review my resume?","button","getByRole('button', { name: /Can a human review my resume?/i })","yes","Run the relevant review/generation action with loading, success, and failure states.","TBD from test or manual QA","visible","TBD","TBD","TBD","TBD","TBD","unknown","yes","unknown","","tests/e2e/specs/controls.spec.ts","not started","",""
"QA-0161","/pricing","src/app/pricing/page.tsx","Get a free resume audit","link","getByRole('link', { name: /Get a free resume audit/i })","yes","Navigate to the linked route or open the expected external target.","TBD from test or manual QA","visible","TBD","TBD","TBD","TBD","TBD","unknown","yes","unknown","","tests/e2e/specs/controls.spec.ts","not started","",""
"QA-0162","/pricing","src/app/pricing/page.tsx","Security","link","getByRole('link', { name: /Security/i })","yes","Navigate to the linked route or open the expected external target.","TBD from test or manual QA","visible","TBD","TBD","TBD","TBD","TBD","unknown","yes","unknown","","tests/e2e/specs/controls.spec.ts","not started","",""
"QA-0163","/pricing","src/app/pricing/page.tsx","Privacy","link","getByRole('link', { name: /Privacy/i })","yes","Navigate to the linked route or open the expected external target.","TBD from test or manual QA","visible","TBD","TBD","TBD","TBD","TBD","unknown","yes","unknown","","tests/e2e/specs/controls.spec.ts","not started","",""
"QA-0164","/pricing","src/app/pricing/page.tsx","Terms","link","getByRole('link', { name: /Terms/i })","yes","Navigate to the linked route or open the expected external target.","TBD from test or manual QA","visible","TBD","TBD","TBD","TBD","TBD","unknown","yes","unknown","","tests/e2e/specs/controls.spec.ts","not started","",""
"QA-0165","/pricing","src/app/pricing/page.tsx","Contact","link","getByRole('link', { name: /Contact/i })","yes","Navigate to the linked route or open the expected external target.","TBD from test or manual QA","visible","TBD","TBD","TBD","TBD","TBD","unknown","yes","unknown","","tests/e2e/specs/controls.spec.ts","not started","",""
"QA-0166","/privacy","src/app/privacy/page.tsx","TailorMe by Res.Me","link","getByRole('link', { name: /TailorMe by Res.Me/i })","yes","Navigate to the linked route or open the expected external target.","TBD from test or manual QA","visible","TBD","TBD","TBD","TBD","TBD","unknown","yes","yes","","tests/e2e/specs/controls.spec.ts","not started","",""
"QA-0167","/privacy","src/app/privacy/page.tsx","Pricing","link","getByRole('link', { name: /Pricing/i })","yes","Navigate to the linked route or open the expected external target.","TBD from test or manual QA","visible","TBD","TBD","TBD","TBD","TBD","unknown","yes","yes","","tests/e2e/specs/controls.spec.ts","not started","",""
"QA-0168","/privacy","src/app/privacy/page.tsx","Coaching","link","getByRole('link', { name: /Coaching/i })","yes","Navigate to the linked route or open the expected external target.","TBD from test or manual QA","visible","TBD","TBD","TBD","TBD","TBD","unknown","yes","unknown","","tests/e2e/specs/controls.spec.ts","not started","",""
"QA-0169","/privacy","src/app/privacy/page.tsx","Sign in","link","getByRole('link', { name: /Sign in/i })","yes","Navigate to the linked route or open the expected external target.","TBD from test or manual QA","visible","TBD","TBD","TBD","TBD","TBD","unknown","yes","unknown","","tests/e2e/specs/controls.spec.ts","not started","",""
"QA-0170","/privacy","src/app/privacy/page.tsx","Free audit","link","getByRole('link', { name: /Free audit/i })","yes","Navigate to the linked route or open the expected external target.","TBD from test or manual QA","visible","TBD","TBD","TBD","TBD","TBD","unknown","yes","unknown","","tests/e2e/specs/controls.spec.ts","not started","",""
"QA-0171","/privacy","src/app/privacy/page.tsx","Contact us","link","getByRole('link', { name: /Contact us/i })","yes","Navigate to the linked route or open the expected external target.","TBD from test or manual QA","visible","TBD","TBD","TBD","TBD","TBD","unknown","yes","unknown","","tests/e2e/specs/controls.spec.ts","not started","",""
"QA-0172","/privacy","src/app/privacy/page.tsx","Security","link","getByRole('link', { name: /Security/i })","yes","Navigate to the linked route or open the expected external target.","TBD from test or manual QA","visible","TBD","TBD","TBD","TBD","TBD","unknown","yes","unknown","","tests/e2e/specs/controls.spec.ts","not started","",""
"QA-0173","/privacy","src/app/privacy/page.tsx","Privacy","link","getByRole('link', { name: /Privacy/i })","yes","Navigate to the linked route or open the expected external target.","TBD from test or manual QA","visible","TBD","TBD","TBD","TBD","TBD","unknown","yes","unknown","","tests/e2e/specs/controls.spec.ts","not started","",""
"QA-0174","/privacy","src/app/privacy/page.tsx","Terms","link","getByRole('link', { name: /Terms/i })","yes","Navigate to the linked route or open the expected external target.","TBD from test or manual QA","visible","TBD","TBD","TBD","TBD","TBD","unknown","yes","unknown","","tests/e2e/specs/controls.spec.ts","not started","",""
"QA-0175","/privacy","src/app/privacy/page.tsx","Contact","link","getByRole('link', { name: /Contact/i })","yes","Navigate to the linked route or open the expected external target.","TBD from test or manual QA","visible","TBD","TBD","TBD","TBD","TBD","unknown","yes","unknown","","tests/e2e/specs/controls.spec.ts","not started","",""
"QA-0176","/resume/edit","src/app/resume/edit/page.tsx","TailorMe by Res.Me","link","getByRole('link', { name: /TailorMe by Res.Me/i })","yes","Navigate to the linked route or open the expected external target.","TBD from test or manual QA","visible","TBD","TBD","TBD","TBD","TBD","unknown","yes","yes","","tests/e2e/specs/resume-editor.spec.ts","not started","",""
"QA-0177","/resume/edit","src/app/resume/edit/page.tsx","Pricing","link","getByRole('link', { name: /Pricing/i })","yes","Navigate to the linked route or open the expected external target.","TBD from test or manual QA","visible","TBD","TBD","TBD","TBD","TBD","unknown","yes","yes","","tests/e2e/specs/resume-editor.spec.ts","not started","",""
"QA-0178","/resume/edit","src/app/resume/edit/page.tsx","Coaching","link","getByRole('link', { name: /Coaching/i })","yes","Navigate to the linked route or open the expected external target.","TBD from test or manual QA","visible","TBD","TBD","TBD","TBD","TBD","unknown","yes","unknown","","tests/e2e/specs/resume-editor.spec.ts","not started","",""
"QA-0179","/resume/edit","src/app/resume/edit/page.tsx","Sign in","link","getByRole('link', { name: /Sign in/i })","yes","Navigate to the linked route or open the expected external target.","TBD from test or manual QA","visible","TBD","TBD","TBD","TBD","TBD","unknown","yes","unknown","","tests/e2e/specs/resume-editor.spec.ts","not started","",""
"QA-0180","/resume/edit","src/app/resume/edit/page.tsx","Free audit","link","getByRole('link', { name: /Free audit/i })","yes","Navigate to the linked route or open the expected external target.","TBD from test or manual QA","visible","TBD","TBD","TBD","TBD","TBD","unknown","yes","unknown","","tests/e2e/specs/resume-editor.spec.ts","not started","",""
"QA-0181","/resume/edit","src/app/resume/edit/page.tsx","Build one from scratch","link","getByRole('link', { name: /Build one from scratch/i })","yes","Navigate to the linked route or open the expected external target.","TBD from test or manual QA","visible","TBD","TBD","TBD","TBD","TBD","unknown","yes","yes","","tests/e2e/specs/resume-editor.spec.ts","not started","",""
"QA-0182","/resume/import","src/app/resume/import/page.tsx","TailorMe by Res.Me","link","getByRole('link', { name: /TailorMe by Res.Me/i })","yes","Navigate to the linked route or open the expected external target.","TBD from test or manual QA","visible","TBD","TBD","TBD","TBD","TBD","unknown","yes","yes","","tests/e2e/specs/controls.spec.ts","not started","",""
"QA-0183","/resume/import","src/app/resume/import/page.tsx","Pricing","link","getByRole('link', { name: /Pricing/i })","yes","Navigate to the linked route or open the expected external target.","TBD from test or manual QA","visible","TBD","TBD","TBD","TBD","TBD","unknown","yes","yes","","tests/e2e/specs/controls.spec.ts","not started","",""
"QA-0184","/resume/import","src/app/resume/import/page.tsx","Coaching","link","getByRole('link', { name: /Coaching/i })","yes","Navigate to the linked route or open the expected external target.","TBD from test or manual QA","visible","TBD","TBD","TBD","TBD","TBD","unknown","yes","unknown","","tests/e2e/specs/controls.spec.ts","not started","",""
"QA-0185","/resume/import","src/app/resume/import/page.tsx","Sign in","link","getByRole('link', { name: /Sign in/i })","yes","Navigate to the linked route or open the expected external target.","TBD from test or manual QA","visible","TBD","TBD","TBD","TBD","TBD","unknown","yes","unknown","","tests/e2e/specs/controls.spec.ts","not started","",""
"QA-0186","/resume/import","src/app/resume/import/page.tsx","Free audit","link","getByRole('link', { name: /Free audit/i })","yes","Navigate to the linked route or open the expected external target.","TBD from test or manual QA","visible","TBD","TBD","TBD","TBD","TBD","unknown","yes","unknown","","tests/e2e/specs/controls.spec.ts","not started","",""
"QA-0187","/resume/import","src/app/resume/import/page.tsx","Your background","link","getByRole('link', { name: /Your background/i })","yes","Navigate to the linked route or open the expected external target.","TBD from test or manual QA","visible","TBD","TBD","TBD","TBD","TBD","unknown","yes","unknown","","tests/e2e/specs/controls.spec.ts","not started","",""
"QA-0188","/resume/import","src/app/resume/import/page.tsx","Your background","textarea","getByLabel(/Your background/i)","yes","Verify click behavior, keyboard activation, loading/success/error states, and no silent no-op.","TBD from test or manual QA","visible","TBD","TBD","TBD","TBD","TBD","unknown","no","unknown","","tests/e2e/specs/controls.spec.ts","not started","",""
"QA-0189","/resume/import","src/app/resume/import/page.tsx","Structure my resume","button","getByRole('button', { name: /Structure my resume/i })","yes","Verify click behavior, keyboard activation, loading/success/error states, and no silent no-op.","TBD from test or manual QA","visible","TBD","TBD","TBD","TBD","TBD","unknown","yes","unknown","","tests/e2e/specs/controls.spec.ts","not started","",""
"QA-0190","/resume/new","src/app/resume/new/page.tsx","TailorMe by Res.Me","link","getByRole('link', { name: /TailorMe by Res.Me/i })","yes","Navigate to the linked route or open the expected external target.","TBD from test or manual QA","visible","TBD","TBD","TBD","TBD","TBD","unknown","yes","yes","","tests/e2e/specs/resume-start-from-scratch.spec.ts","not started","",""
"QA-0191","/resume/new","src/app/resume/new/page.tsx","Pricing","link","getByRole('link', { name: /Pricing/i })","yes","Navigate to the linked route or open the expected external target.","TBD from test or manual QA","visible","TBD","TBD","TBD","TBD","TBD","unknown","yes","yes","","tests/e2e/specs/resume-start-from-scratch.spec.ts","not started","",""
"QA-0192","/resume/new","src/app/resume/new/page.tsx","Coaching","link","getByRole('link', { name: /Coaching/i })","yes","Navigate to the linked route or open the expected external target.","TBD from test or manual QA","visible","TBD","TBD","TBD","TBD","TBD","unknown","yes","unknown","","tests/e2e/specs/resume-start-from-scratch.spec.ts","not started","",""
"QA-0193","/resume/new","src/app/resume/new/page.tsx","Sign in","link","getByRole('link', { name: /Sign in/i })","yes","Navigate to the linked route or open the expected external target.","TBD from test or manual QA","visible","TBD","TBD","TBD","TBD","TBD","unknown","yes","unknown","","tests/e2e/specs/resume-start-from-scratch.spec.ts","not started","",""
"QA-0194","/resume/new","src/app/resume/new/page.tsx","Free audit","link","getByRole('link', { name: /Free audit/i })","yes","Navigate to the linked route or open the expected external target.","TBD from test or manual QA","visible","TBD","TBD","TBD","TBD","TBD","unknown","yes","unknown","","tests/e2e/specs/resume-start-from-scratch.spec.ts","not started","",""
"QA-0195","/resume/new","src/app/resume/new/page.tsx","Full name","link","getByRole('link', { name: /Full name/i })","yes","Navigate to the linked route or open the expected external target.","TBD from test or manual QA","visible","TBD","TBD","TBD","TBD","TBD","unknown","yes","unknown","","tests/e2e/specs/resume-start-from-scratch.spec.ts","not started","",""
"QA-0196","/resume/new","src/app/resume/new/page.tsx","Full name","text","getByLabel(/Full name/i)","yes","Verify click behavior, keyboard activation, loading/success/error states, and no silent no-op.","TBD from test or manual QA","visible","TBD","TBD","TBD","TBD","TBD","unknown","no","unknown","","tests/e2e/specs/resume-start-from-scratch.spec.ts","not started","",""
"QA-0197","/resume/new","src/app/resume/new/page.tsx","Email","email","getByLabel(/Email/i)","yes","Verify click behavior, keyboard activation, loading/success/error states, and no silent no-op.","TBD from test or manual QA","visible","TBD","TBD","TBD","TBD","TBD","unknown","no","unknown","","tests/e2e/specs/resume-start-from-scratch.spec.ts","not started","",""
"QA-0198","/resume/new","src/app/resume/new/page.tsx","Phone","text","getByLabel(/Phone/i)","yes","Verify click behavior, keyboard activation, loading/success/error states, and no silent no-op.","TBD from test or manual QA","visible","TBD","TBD","TBD","TBD","TBD","unknown","no","unknown","","tests/e2e/specs/resume-start-from-scratch.spec.ts","not started","",""
"QA-0199","/resume/new","src/app/resume/new/page.tsx","City / State","text","getByLabel(/City \/ State/i)","yes","Verify click behavior, keyboard activation, loading/success/error states, and no silent no-op.","TBD from test or manual QA","visible","TBD","TBD","TBD","TBD","TBD","unknown","no","unknown","","tests/e2e/specs/resume-start-from-scratch.spec.ts","not started","",""
"QA-0200","/resume/new","src/app/resume/new/page.tsx","LinkedIn URL","url","getByLabel(/LinkedIn URL/i)","yes","Verify click behavior, keyboard activation, loading/success/error states, and no silent no-op.","TBD from test or manual QA","visible","TBD","TBD","TBD","TBD","TBD","unknown","no","unknown","","tests/e2e/specs/resume-start-from-scratch.spec.ts","not started","",""
"QA-0201","/resume/new","src/app/resume/new/page.tsx","Target role or headline","text","getByLabel(/Target role or headline/i)","yes","Verify click behavior, keyboard activation, loading/success/error states, and no silent no-op.","TBD from test or manual QA","visible","TBD","TBD","TBD","TBD","TBD","unknown","no","yes","","tests/e2e/specs/resume-start-from-scratch.spec.ts","not started","",""
"QA-0202","/resume/new","src/app/resume/new/page.tsx","Role","text","getByLabel(/Role/i)","yes","Verify click behavior, keyboard activation, loading/success/error states, and no silent no-op.","TBD from test or manual QA","visible","TBD","TBD","TBD","TBD","TBD","unknown","no","unknown","","tests/e2e/specs/resume-start-from-scratch.spec.ts","not started","",""
"QA-0203","/resume/new","src/app/resume/new/page.tsx","Company","text","getByLabel(/Company/i)","yes","Verify click behavior, keyboard activation, loading/success/error states, and no silent no-op.","TBD from test or manual QA","visible","TBD","TBD","TBD","TBD","TBD","unknown","no","unknown","","tests/e2e/specs/resume-start-from-scratch.spec.ts","not started","",""
"QA-0204","/resume/new","src/app/resume/new/page.tsx","Dates","text","getByLabel(/Dates/i)","yes","Verify click behavior, keyboard activation, loading/success/error states, and no silent no-op.","TBD from test or manual QA","visible","TBD","TBD","TBD","TBD","TBD","unknown","no","unknown","","tests/e2e/specs/resume-start-from-scratch.spec.ts","not started","",""
"QA-0205","/resume/new","src/app/resume/new/page.tsx","What you did (one per line)","textarea","getByLabel(/What you did (one per line)/i)","yes","Verify click behavior, keyboard activation, loading/success/error states, and no silent no-op.","TBD from test or manual QA","visible","TBD","TBD","TBD","TBD","TBD","unknown","no","unknown","","tests/e2e/specs/resume-start-from-scratch.spec.ts","not started","",""
"QA-0206","/resume/new","src/app/resume/new/page.tsx","Role","button","getByRole('button', { name: /Role/i })","yes","Verify click behavior, keyboard activation, loading/success/error states, and no silent no-op.","TBD from test or manual QA","visible","TBD","TBD","TBD","TBD","TBD","unknown","yes","unknown","","tests/e2e/specs/resume-start-from-scratch.spec.ts","not started","",""
"QA-0207","/resume/new","src/app/resume/new/page.tsx","Add education","button","getByRole('button', { name: /Add education/i })","yes","Verify click behavior, keyboard activation, loading/success/error states, and no silent no-op.","TBD from test or manual QA","visible","TBD","TBD","TBD","TBD","TBD","unknown","yes","unknown","","tests/e2e/specs/resume-start-from-scratch.spec.ts","not started","",""
"QA-0208","/resume/new","src/app/resume/new/page.tsx","Skills (one per line, or comma-separated)","textarea","getByLabel(/Skills (one per line, or comma-separated)/i)","yes","Verify click behavior, keyboard activation, loading/success/error states, and no silent no-op.","TBD from test or manual QA","visible","TBD","TBD","TBD","TBD","TBD","unknown","no","unknown","","tests/e2e/specs/resume-start-from-scratch.spec.ts","not started","",""
"QA-0209","/resume/new","src/app/resume/new/page.tsx","Create my resume","button","getByRole('button', { name: /Create my resume/i })","yes","Verify click behavior, keyboard activation, loading/success/error states, and no silent no-op.","TBD from test or manual QA","visible","TBD","TBD","TBD","TBD","TBD","unknown","yes","unknown","","tests/e2e/specs/resume-start-from-scratch.spec.ts","not started","",""
"QA-0210","/resume/print","src/app/resume/print/page.tsx","Build one","link","getByRole('link', { name: /Build one/i })","yes","Navigate to the linked route or open the expected external target.","TBD from test or manual QA","visible","TBD","TBD","TBD","TBD","TBD","unknown","yes","unknown","","tests/e2e/specs/controls.spec.ts","not started","",""
"QA-0211","/security","src/app/security/page.tsx","TailorMe by Res.Me","link","getByRole('link', { name: /TailorMe by Res.Me/i })","yes","Navigate to the linked route or open the expected external target.","TBD from test or manual QA","visible","TBD","TBD","TBD","TBD","TBD","unknown","yes","yes","","tests/e2e/specs/controls.spec.ts","not started","",""
"QA-0212","/security","src/app/security/page.tsx","Pricing","link","getByRole('link', { name: /Pricing/i })","yes","Navigate to the linked route or open the expected external target.","TBD from test or manual QA","visible","TBD","TBD","TBD","TBD","TBD","unknown","yes","yes","","tests/e2e/specs/controls.spec.ts","not started","",""
"QA-0213","/security","src/app/security/page.tsx","Coaching","link","getByRole('link', { name: /Coaching/i })","yes","Navigate to the linked route or open the expected external target.","TBD from test or manual QA","visible","TBD","TBD","TBD","TBD","TBD","unknown","yes","unknown","","tests/e2e/specs/controls.spec.ts","not started","",""
"QA-0214","/security","src/app/security/page.tsx","Sign in","link","getByRole('link', { name: /Sign in/i })","yes","Navigate to the linked route or open the expected external target.","TBD from test or manual QA","visible","TBD","TBD","TBD","TBD","TBD","unknown","yes","unknown","","tests/e2e/specs/controls.spec.ts","not started","",""
"QA-0215","/security","src/app/security/page.tsx","Free audit","link","getByRole('link', { name: /Free audit/i })","yes","Navigate to the linked route or open the expected external target.","TBD from test or manual QA","visible","TBD","TBD","TBD","TBD","TBD","unknown","yes","unknown","","tests/e2e/specs/controls.spec.ts","not started","",""
"QA-0216","/security","src/app/security/page.tsx","Contact us","link","getByRole('link', { name: /Contact us/i })","yes","Navigate to the linked route or open the expected external target.","TBD from test or manual QA","visible","TBD","TBD","TBD","TBD","TBD","unknown","yes","unknown","","tests/e2e/specs/controls.spec.ts","not started","",""
"QA-0217","/security","src/app/security/page.tsx","Privacy policy","link","getByRole('link', { name: /Privacy policy/i })","yes","Navigate to the linked route or open the expected external target.","TBD from test or manual QA","visible","TBD","TBD","TBD","TBD","TBD","unknown","yes","unknown","","tests/e2e/specs/controls.spec.ts","not started","",""
"QA-0218","/security","src/app/security/page.tsx","Security","link","getByRole('link', { name: /Security/i })","yes","Navigate to the linked route or open the expected external target.","TBD from test or manual QA","visible","TBD","TBD","TBD","TBD","TBD","unknown","yes","unknown","","tests/e2e/specs/controls.spec.ts","not started","",""
"QA-0219","/security","src/app/security/page.tsx","Privacy","link","getByRole('link', { name: /Privacy/i })","yes","Navigate to the linked route or open the expected external target.","TBD from test or manual QA","visible","TBD","TBD","TBD","TBD","TBD","unknown","yes","unknown","","tests/e2e/specs/controls.spec.ts","not started","",""
"QA-0220","/security","src/app/security/page.tsx","Terms","link","getByRole('link', { name: /Terms/i })","yes","Navigate to the linked route or open the expected external target.","TBD from test or manual QA","visible","TBD","TBD","TBD","TBD","TBD","unknown","yes","unknown","","tests/e2e/specs/controls.spec.ts","not started","",""
"QA-0221","/security","src/app/security/page.tsx","Contact","link","getByRole('link', { name: /Contact/i })","yes","Navigate to the linked route or open the expected external target.","TBD from test or manual QA","visible","TBD","TBD","TBD","TBD","TBD","unknown","yes","unknown","","tests/e2e/specs/controls.spec.ts","not started","",""
"QA-0222","/settings","src/app/settings/page.tsx","TailorMe by Res.Me","link","getByRole('link', { name: /TailorMe by Res.Me/i })","yes","Navigate to the linked route or open the expected external target.","TBD from test or manual QA","visible","TBD","TBD","TBD","TBD","TBD","unknown","yes","yes","","tests/e2e/specs/controls.spec.ts","not started","",""
"QA-0223","/settings","src/app/settings/page.tsx","Pricing","link","getByRole('link', { name: /Pricing/i })","yes","Navigate to the linked route or open the expected external target.","TBD from test or manual QA","visible","TBD","TBD","TBD","TBD","TBD","unknown","yes","yes","","tests/e2e/specs/controls.spec.ts","not started","",""
"QA-0224","/settings","src/app/settings/page.tsx","Coaching","link","getByRole('link', { name: /Coaching/i })","yes","Navigate to the linked route or open the expected external target.","TBD from test or manual QA","visible","TBD","TBD","TBD","TBD","TBD","unknown","yes","unknown","","tests/e2e/specs/controls.spec.ts","not started","",""
"QA-0225","/settings","src/app/settings/page.tsx","Sign in","link","getByRole('link', { name: /Sign in/i })","yes","Navigate to the linked route or open the expected external target.","TBD from test or manual QA","visible","TBD","TBD","TBD","TBD","TBD","unknown","yes","unknown","","tests/e2e/specs/controls.spec.ts","not started","",""
"QA-0226","/settings","src/app/settings/page.tsx","Free audit","link","getByRole('link', { name: /Free audit/i })","yes","Navigate to the linked route or open the expected external target.","TBD from test or manual QA","visible","TBD","TBD","TBD","TBD","TBD","unknown","yes","unknown","","tests/e2e/specs/controls.spec.ts","not started","",""
"QA-0227","/settings","src/app/settings/page.tsx","Re-upload resume","link","getByRole('link', { name: /Re-upload resume/i })","yes","Navigate to the linked route or open the expected external target.","TBD from test or manual QA","visible","TBD","TBD","TBD","TBD","TBD","unknown","yes","yes","","tests/e2e/specs/controls.spec.ts","not started","",""
"QA-0228","/settings","src/app/settings/page.tsx","View pricing","link","getByRole('link', { name: /View pricing/i })","yes","Navigate to the linked route or open the expected external target.","TBD from test or manual QA","visible","TBD","TBD","TBD","TBD","TBD","unknown","yes","yes","","tests/e2e/specs/controls.spec.ts","not started","",""
"QA-0229","/settings","src/app/settings/page.tsx","Change password","link","getByRole('link', { name: /Change password/i })","yes","Navigate to the linked route or open the expected external target.","TBD from test or manual QA","visible","TBD","TBD","TBD","TBD","TBD","unknown","yes","unknown","","tests/e2e/specs/controls.spec.ts","not started","",""
"QA-0230","/settings","src/app/settings/page.tsx","Export my data","button","getByRole('button', { name: /Export my data/i })","yes","Verify click behavior, keyboard activation, loading/success/error states, and no silent no-op.","TBD from test or manual QA","visible","TBD","TBD","TBD","TBD","TBD","unknown","yes","unknown","","tests/e2e/specs/controls.spec.ts","not started","",""
"QA-0231","/settings","src/app/settings/page.tsx","Delete everything","button","getByRole('button', { name: /Delete everything/i })","yes","Remove only the selected item after the expected confirmation or clear affordance.","TBD from test or manual QA","visible","TBD","TBD","TBD","TBD","TBD","unknown","yes","unknown","","tests/e2e/specs/controls.spec.ts","not started","",""
"QA-0232","/settings","src/app/settings/page.tsx","Security","link","getByRole('link', { name: /Security/i })","yes","Navigate to the linked route or open the expected external target.","TBD from test or manual QA","visible","TBD","TBD","TBD","TBD","TBD","unknown","yes","unknown","","tests/e2e/specs/controls.spec.ts","not started","",""
"QA-0233","/settings","src/app/settings/page.tsx","Privacy","link","getByRole('link', { name: /Privacy/i })","yes","Navigate to the linked route or open the expected external target.","TBD from test or manual QA","visible","TBD","TBD","TBD","TBD","TBD","unknown","yes","unknown","","tests/e2e/specs/controls.spec.ts","not started","",""
"QA-0234","/settings","src/app/settings/page.tsx","Terms","link","getByRole('link', { name: /Terms/i })","yes","Navigate to the linked route or open the expected external target.","TBD from test or manual QA","visible","TBD","TBD","TBD","TBD","TBD","unknown","yes","unknown","","tests/e2e/specs/controls.spec.ts","not started","",""
"QA-0235","/settings","src/app/settings/page.tsx","Contact","link","getByRole('link', { name: /Contact/i })","yes","Navigate to the linked route or open the expected external target.","TBD from test or manual QA","visible","TBD","TBD","TBD","TBD","TBD","unknown","yes","unknown","","tests/e2e/specs/controls.spec.ts","not started","",""
"QA-0236","/signin","src/app/signin/page.tsx","TailorMe by Res.Me","link","getByRole('link', { name: /TailorMe by Res.Me/i })","yes","Navigate to the linked route or open the expected external target.","TBD from test or manual QA","visible","TBD","TBD","TBD","TBD","TBD","unknown","yes","yes","","tests/e2e/specs/controls.spec.ts","not started","",""
"QA-0237","/signin","src/app/signin/page.tsx","Pricing","link","getByRole('link', { name: /Pricing/i })","yes","Navigate to the linked route or open the expected external target.","TBD from test or manual QA","visible","TBD","TBD","TBD","TBD","TBD","unknown","yes","yes","","tests/e2e/specs/controls.spec.ts","not started","",""
"QA-0238","/signin","src/app/signin/page.tsx","Coaching","link","getByRole('link', { name: /Coaching/i })","yes","Navigate to the linked route or open the expected external target.","TBD from test or manual QA","visible","TBD","TBD","TBD","TBD","TBD","unknown","yes","unknown","","tests/e2e/specs/controls.spec.ts","not started","",""
"QA-0239","/signin","src/app/signin/page.tsx","Sign in","link","getByRole('link', { name: /Sign in/i })","yes","Navigate to the linked route or open the expected external target.","TBD from test or manual QA","visible","TBD","TBD","TBD","TBD","TBD","unknown","yes","unknown","","tests/e2e/specs/controls.spec.ts","not started","",""
"QA-0240","/signin","src/app/signin/page.tsx","Free audit","link","getByRole('link', { name: /Free audit/i })","yes","Navigate to the linked route or open the expected external target.","TBD from test or manual QA","visible","TBD","TBD","TBD","TBD","TBD","unknown","yes","unknown","","tests/e2e/specs/controls.spec.ts","not started","",""
"QA-0241","/signin","src/app/signin/page.tsx","Create account","button","getByRole('button', { name: /Create account/i })","yes","Verify click behavior, keyboard activation, loading/success/error states, and no silent no-op.","TBD from test or manual QA","visible","TBD","TBD","TBD","TBD","TBD","unknown","yes","unknown","","tests/e2e/specs/controls.spec.ts","not started","",""
"QA-0242","/signin","src/app/signin/page.tsx","Sign in","button","getByRole('button', { name: /Sign in/i })","yes","Verify click behavior, keyboard activation, loading/success/error states, and no silent no-op.","TBD from test or manual QA","visible","TBD","TBD","TBD","TBD","TBD","unknown","yes","unknown","","tests/e2e/specs/controls.spec.ts","not started","",""
"QA-0243","/signin","src/app/signin/page.tsx","Continue with Google","button","getByRole('button', { name: /Continue with Google/i })","yes","Verify click behavior, keyboard activation, loading/success/error states, and no silent no-op.","TBD from test or manual QA","visible","TBD","TBD","TBD","TBD","TBD","unknown","yes","unknown","","tests/e2e/specs/controls.spec.ts","not started","",""
"QA-0244","/signin","src/app/signin/page.tsx","Continue with LinkedIn","button","getByRole('button', { name: /Continue with LinkedIn/i })","yes","Verify click behavior, keyboard activation, loading/success/error states, and no silent no-op.","TBD from test or manual QA","visible","TBD","TBD","TBD","TBD","TBD","unknown","yes","unknown","","tests/e2e/specs/controls.spec.ts","not started","",""
"QA-0245","/signin","src/app/signin/page.tsx","Email","email","getByLabel(/Email/i)","yes","Verify click behavior, keyboard activation, loading/success/error states, and no silent no-op.","TBD from test or manual QA","visible","TBD","TBD","TBD","TBD","TBD","unknown","no","unknown","","tests/e2e/specs/controls.spec.ts","not started","",""
"QA-0246","/signin","src/app/signin/page.tsx","Password","password","getByLabel(/Password/i)","yes","Verify click behavior, keyboard activation, loading/success/error states, and no silent no-op.","TBD from test or manual QA","visible","TBD","TBD","TBD","TBD","TBD","unknown","no","unknown","","tests/e2e/specs/controls.spec.ts","not started","",""
"QA-0247","/signin","src/app/signin/page.tsx","Email","button","getByRole('button', { name: /Email/i })","yes","Verify click behavior, keyboard activation, loading/success/error states, and no silent no-op.","TBD from test or manual QA","visible","TBD","TBD","TBD","TBD","TBD","unknown","yes","unknown","","tests/e2e/specs/controls.spec.ts","not started","",""
"QA-0248","/signin","src/app/signin/page.tsx","terms","link","getByRole('link', { name: /terms/i })","yes","Navigate to the linked route or open the expected external target.","TBD from test or manual QA","visible","TBD","TBD","TBD","TBD","TBD","unknown","yes","unknown","","tests/e2e/specs/controls.spec.ts","not started","",""
"QA-0249","/signin","src/app/signin/page.tsx","privacy policy","link","getByRole('link', { name: /privacy policy/i })","yes","Navigate to the linked route or open the expected external target.","TBD from test or manual QA","visible","TBD","TBD","TBD","TBD","TBD","unknown","yes","unknown","","tests/e2e/specs/controls.spec.ts","not started","",""
"QA-0250","/signin","src/app/signin/page.tsx","Security","link","getByRole('link', { name: /Security/i })","yes","Navigate to the linked route or open the expected external target.","TBD from test or manual QA","visible","TBD","TBD","TBD","TBD","TBD","unknown","yes","unknown","","tests/e2e/specs/controls.spec.ts","not started","",""
"QA-0251","/signin","src/app/signin/page.tsx","Privacy","link","getByRole('link', { name: /Privacy/i })","yes","Navigate to the linked route or open the expected external target.","TBD from test or manual QA","visible","TBD","TBD","TBD","TBD","TBD","unknown","yes","unknown","","tests/e2e/specs/controls.spec.ts","not started","",""
"QA-0252","/signin","src/app/signin/page.tsx","Terms","link","getByRole('link', { name: /Terms/i })","yes","Navigate to the linked route or open the expected external target.","TBD from test or manual QA","visible","TBD","TBD","TBD","TBD","TBD","unknown","yes","unknown","","tests/e2e/specs/controls.spec.ts","not started","",""
"QA-0253","/signin","src/app/signin/page.tsx","Contact","link","getByRole('link', { name: /Contact/i })","yes","Navigate to the linked route or open the expected external target.","TBD from test or manual QA","visible","TBD","TBD","TBD","TBD","TBD","unknown","yes","unknown","","tests/e2e/specs/controls.spec.ts","not started","",""
"QA-0254","/terms","src/app/terms/page.tsx","TailorMe by Res.Me","link","getByRole('link', { name: /TailorMe by Res.Me/i })","yes","Navigate to the linked route or open the expected external target.","TBD from test or manual QA","visible","TBD","TBD","TBD","TBD","TBD","unknown","yes","yes","","tests/e2e/specs/controls.spec.ts","not started","",""
"QA-0255","/terms","src/app/terms/page.tsx","Pricing","link","getByRole('link', { name: /Pricing/i })","yes","Navigate to the linked route or open the expected external target.","TBD from test or manual QA","visible","TBD","TBD","TBD","TBD","TBD","unknown","yes","yes","","tests/e2e/specs/controls.spec.ts","not started","",""
"QA-0256","/terms","src/app/terms/page.tsx","Coaching","link","getByRole('link', { name: /Coaching/i })","yes","Navigate to the linked route or open the expected external target.","TBD from test or manual QA","visible","TBD","TBD","TBD","TBD","TBD","unknown","yes","unknown","","tests/e2e/specs/controls.spec.ts","not started","",""
"QA-0257","/terms","src/app/terms/page.tsx","Sign in","link","getByRole('link', { name: /Sign in/i })","yes","Navigate to the linked route or open the expected external target.","TBD from test or manual QA","visible","TBD","TBD","TBD","TBD","TBD","unknown","yes","unknown","","tests/e2e/specs/controls.spec.ts","not started","",""
"QA-0258","/terms","src/app/terms/page.tsx","Free audit","link","getByRole('link', { name: /Free audit/i })","yes","Navigate to the linked route or open the expected external target.","TBD from test or manual QA","visible","TBD","TBD","TBD","TBD","TBD","unknown","yes","unknown","","tests/e2e/specs/controls.spec.ts","not started","",""
"QA-0259","/terms","src/app/terms/page.tsx","Contact us","link","getByRole('link', { name: /Contact us/i })","yes","Navigate to the linked route or open the expected external target.","TBD from test or manual QA","visible","TBD","TBD","TBD","TBD","TBD","unknown","yes","unknown","","tests/e2e/specs/controls.spec.ts","not started","",""
"QA-0260","/terms","src/app/terms/page.tsx","Security","link","getByRole('link', { name: /Security/i })","yes","Navigate to the linked route or open the expected external target.","TBD from test or manual QA","visible","TBD","TBD","TBD","TBD","TBD","unknown","yes","unknown","","tests/e2e/specs/controls.spec.ts","not started","",""
"QA-0261","/terms","src/app/terms/page.tsx","Privacy","link","getByRole('link', { name: /Privacy/i })","yes","Navigate to the linked route or open the expected external target.","TBD from test or manual QA","visible","TBD","TBD","TBD","TBD","TBD","unknown","yes","unknown","","tests/e2e/specs/controls.spec.ts","not started","",""
"QA-0262","/terms","src/app/terms/page.tsx","Terms","link","getByRole('link', { name: /Terms/i })","yes","Navigate to the linked route or open the expected external target.","TBD from test or manual QA","visible","TBD","TBD","TBD","TBD","TBD","unknown","yes","unknown","","tests/e2e/specs/controls.spec.ts","not started","",""
"QA-0263","/terms","src/app/terms/page.tsx","Contact","link","getByRole('link', { name: /Contact/i })","yes","Navigate to the linked route or open the expected external target.","TBD from test or manual QA","visible","TBD","TBD","TBD","TBD","TBD","unknown","yes","unknown","","tests/e2e/specs/controls.spec.ts","not started","",""
"QA-0264","/transformation","src/app/transformation/page.tsx","TailorMe by Res.Me","link","getByRole('link', { name: /TailorMe by Res.Me/i })","yes","Navigate to the linked route or open the expected external target.","TBD from test or manual QA","visible","TBD","TBD","TBD","TBD","TBD","unknown","yes","yes","","tests/e2e/specs/controls.spec.ts","not started","",""
"QA-0265","/transformation","src/app/transformation/page.tsx","Pricing","link","getByRole('link', { name: /Pricing/i })","yes","Navigate to the linked route or open the expected external target.","TBD from test or manual QA","visible","TBD","TBD","TBD","TBD","TBD","unknown","yes","yes","","tests/e2e/specs/controls.spec.ts","not started","",""
"QA-0266","/transformation","src/app/transformation/page.tsx","Coaching","link","getByRole('link', { name: /Coaching/i })","yes","Navigate to the linked route or open the expected external target.","TBD from test or manual QA","visible","TBD","TBD","TBD","TBD","TBD","unknown","yes","unknown","","tests/e2e/specs/controls.spec.ts","not started","",""
"QA-0267","/transformation","src/app/transformation/page.tsx","Sign in","link","getByRole('link', { name: /Sign in/i })","yes","Navigate to the linked route or open the expected external target.","TBD from test or manual QA","visible","TBD","TBD","TBD","TBD","TBD","unknown","yes","unknown","","tests/e2e/specs/controls.spec.ts","not started","",""
"QA-0268","/transformation","src/app/transformation/page.tsx","Free audit","link","getByRole('link', { name: /Free audit/i })","yes","Navigate to the linked route or open the expected external target.","TBD from test or manual QA","visible","TBD","TBD","TBD","TBD","TBD","unknown","yes","unknown","","tests/e2e/specs/controls.spec.ts","not started","",""
"QA-0269","/transformation","src/app/transformation/page.tsx","Get a free resume audit","link","getByRole('link', { name: /Get a free resume audit/i })","yes","Navigate to the linked route or open the expected external target.","TBD from test or manual QA","visible","TBD","TBD","TBD","TBD","TBD","unknown","yes","unknown","","tests/e2e/specs/controls.spec.ts","not started","",""
"QA-0270","/transformation","src/app/transformation/page.tsx","Security","link","getByRole('link', { name: /Security/i })","yes","Navigate to the linked route or open the expected external target.","TBD from test or manual QA","visible","TBD","TBD","TBD","TBD","TBD","unknown","yes","unknown","","tests/e2e/specs/controls.spec.ts","not started","",""
"QA-0271","/transformation","src/app/transformation/page.tsx","Privacy","link","getByRole('link', { name: /Privacy/i })","yes","Navigate to the linked route or open the expected external target.","TBD from test or manual QA","visible","TBD","TBD","TBD","TBD","TBD","unknown","yes","unknown","","tests/e2e/specs/controls.spec.ts","not started","",""
"QA-0272","/transformation","src/app/transformation/page.tsx","Terms","link","getByRole('link', { name: /Terms/i })","yes","Navigate to the linked route or open the expected external target.","TBD from test or manual QA","visible","TBD","TBD","TBD","TBD","TBD","unknown","yes","unknown","","tests/e2e/specs/controls.spec.ts","not started","",""
"QA-0273","/transformation","src/app/transformation/page.tsx","Contact","link","getByRole('link', { name: /Contact/i })","yes","Navigate to the linked route or open the expected external target.","TBD from test or manual QA","visible","TBD","TBD","TBD","TBD","TBD","unknown","yes","unknown","","tests/e2e/specs/controls.spec.ts","not started","",""